[
  {
    "id": 1,
    "name": "Dell XPS 15",
    "price": 30000000,
    "image": "/images/dell-xps.jpg",
    "category": "Laptops",
    "tags": ["bestseller", "laptop"],
    "brand": "Dell",
    "variants": ["Intel Core i7, 16GB RAM, 512GB SSD", "Intel Core i9, 32GB RAM, 1TB SSD"],
    "images": ["/images/dell-xps-2.jpg","/images/dell-xps-3.jpg"],
    "description": "The Dell XPS 15 is a high-end laptop designed for professionals and creators. It features a stunning 4K display, slim aluminum body, excellent performance, and long battery life, making it ideal for productivity and multimedia editing.",
    "comments": []
  },
  {
    "id": 2,
    "name": "LG Ultrawide Monitor",
    "price": 11250000,
    "image": "/images/lg-monitor.jpg",
    "category": "Monitors",
    "tags": ["monitor"],
    "brand": "LG",
    "variants": ["34-inch 2560x1080", "34-inch 3440x1440"],
    "images": ["/images/lg-monitor2.jpg","/images/lg-monitor3.jpg"],
    "description": "This 34-inch ultrawide monitor is perfect for multitaskers and creative professionals. It offers immersive visuals, vibrant colors, and wide horizontal screen real estate, enhancing productivity and entertainment.",
    "comments": []
  },
  {
    "id": 3,
    "name": "WD Blue 1TB",
    "price": 1750000,
    "image": "/images/wd-hdd.jpg",
    "category": "Hard Drives",
    "tags": ["hard drive"],
    "brand": "Western Digital",
    "variants": ["1TB 7200RPM", "1TB 5400RPM"],
    "images": [ "/images/wd-hdd2.jpg","/images/wd-hdd3.jpg"],
    "description": "WD Blue 1TB is a reliable desktop hard drive for everyday use. It delivers stable performance and is ideal for storage expansion, backups, and archiving important files.",
    "comments": []
  },
  {
    "id": 4,
    "name": "Dell Latitude 6640",
    "price": 25000000,
    "image": "/images/dell-latitude.jpg",
    "category": "Laptops",
    "tags": ["laptop"],
    "brand": "Dell",
    "variants": ["Intel Core i5, 16GB RAM, 256GB SSD", "Intel Core i7, 32GB RAM, 512GB SSD"],
    "images": [ "/images/dell-latitude2.jpg","/images/dell-latitude3.jpg"],
    "description": "The Dell Latitude 6640 is a business-grade laptop with robust build quality, enhanced security features, and long battery life. Ideal for professionals who demand durability and performance.",
    "comments": []
  },
  {
    "id": 5,
    "name": "Alienware 25 FHD 1080p",
    "price": 7500000,
    "image": "/images/alienware25.jpg",
    "category": "Monitors",
    "tags": ["new", "monitor"],
    "brand": "Alienware",
    "variants": ["25-inch 240Hz IPS", "25-inch 240Hz TN"],
    "images": [ "/images/alienware25-2.jpg","/images/alienware25-3.jpg"],
    "description": "A top-tier gaming monitor featuring 240Hz refresh rate, 1ms response time, and stunning clarity. The Alienware 25 is built for competitive gamers looking for the edge in fast-paced games.",
    "comments": []
  },
  {
    "id": 6,
    "name": "SATA Hard Drive WD5000 LPCX",
    "price": 2000000,
    "image": "/images/WD5000.jpg",
    "category": "Hard Drives",
    "tags": ["hard drive"],
    "brand": "Western Digital",
    "variants": ["500GB 5400RPM", "500GB 7200RPM"],
    "images": [ "/images/WD5000-2.jpg","/images/WD5000-3.jpg"],
    "description": "The WD5000 LPCX is a 500GB SATA hard drive designed for laptops. It offers energy efficiency, quiet operation, and reliable performance for basic storage needs.",
    "comments": []
  }
]
